Domain Code,Domain,Area Code,Area,Element Code,Element,Item Code,Item,Year Code,Year,Unit,Value,Flag,Flag Description,Note
"MK","Macro Indicators","2","Afghanistan","6119","Value US$","22014","Gross Domestic Product per capita","2017","2017","","618.98999","Fc","Calculated data",""
"MK","Macro Indicators","2","Afghanistan","6129","Annual growth US$","22014","Gross Domestic Product per capita","2017","2017","%","6.012664","Fc","Calculated data",""
"MK","Macro Indicators","3","Albania","6119","Value US$","22014","Gross Domestic Product per capita","2017","2017","","4450.008107","Fc","Calculated data",""
"MK","Macro Indicators","3","Albania","6129","Annual growth US$","22014","Gross Domestic Product per capita","2017","2017","%","9.58111","Fc","Calculated data",""
"MK","Macro Indicators","4","Algeria","6119","Value US$","22014","Gross Domestic Product per capita","2017","2017","","4055.24658","Fc","Calculated data",""
"MK","Macro Indicators","4","Algeria","6129","Annual growth US$","22014","Gross Domestic Product per capita","2017","2017","%","2.833721","Fc","Calculated data",""
"MK","Macro Indicators","6","Andorra","6119","Value US$","22014","Gross Domestic Product per capita","2017","2017","","39152.812074","Fc","Calculated data",""
"MK","Macro Indicators","6","Andorra","6129","Annual growth US$","22014","Gross Domestic Product per capita","2017","2017","%","5.163642","Fc","Calculated data",""
"MK","Macro Indicators","7","Angola","6119","Value US$","22014","Gross Domestic Product per capita","2017","2017","","4247.411049","Fc","Calculated data",""
"MK","Macro Indicators","7","Angola","6129","Annual growth US$","22014","Gross Domestic Product per capita","2017","2017","%","21.022534","Fc","Calculated data",""
"MK","Macro Indicators","258","Anguilla","6119","Value US$","22014","Gross Domestic Product per capita","2017","2017","","18860.693789","Fc","Calculated data",""
"MK","Macro Indicators","258","Anguilla","6129","Annual growth US$","22014","Gross Domestic Product per capita","2017","2017","%","-12.192913","Fc","Calculated data",""
"MK","Macro Indicators","8","Antigua and Barbuda","6119","Value US$","22014","Gross Domestic Product per capita","2017","2017","","14803.010927","Fc","Calculated data",""
"MK","Macro Indicators","8","Antigua and Barbuda","6129","Annual growth US$","22014","Gross Domestic Product per capita","2017","2017","%","2.043258","Fc","Calculated data",""
"MK","Macro Indicators","9","Argentina","6119","Value US$","22014","Gross Domestic Product per capita","2017","2017","","14399.621069","Fc","Calculated data",""
"MK","Macro Indicators","9","Argentina","6129","Annual growth US$","22014","Gross Domestic Product per capita","2017","2017","%","13.79163","Fc","Calculated data",""
"MK","Macro Indicators","1","Armenia","6119","Value US$","22014","Gross Domestic Product per capita","2017","2017","","3936.798582","Fc","Calculated data",""
"MK","Macro Indicators","1","Armenia","6129","Annual growth US$","22014","Gross Domestic Product per capita","2017","2017","%","9.181327","Fc","Calculated data",""
"MK","Macro Indicators","22","Aruba","6119","Value US$","22014","Gross Domestic Product per capita","2017","2017","","25655.102022","Fc","Calculated data",""
"MK","Macro Indicators","22","Aruba","6129","Annual growth US$","22014","Gross Domestic Product per capita","2017","2017","%","1.597767","Fc","Calculated data",""
"MK","Macro Indicators","10","Australia","6119","Value US$","22014","Gross Domestic Product per capita","2017","2017","","57613.226228","Fc","Calculated data",""
"MK","Macro Indicators","10","Australia","6129","Annual growth US$","22014","Gross Domestic Product per capita","2017","2017","%","6.558313","Fc","Calculated data",""
"MK","Macro Indicators","11","Austria","6119","Value US$","22014","Gross Domestic Product per capita","2017","2017","","47717.728647","Fc","Calculated data",""
"MK","Macro Indicators","11","Austria","6129","Annual growth US$","22014","Gross Domestic Product per capita","2017","2017","%","5.499408","Fc","Calculated data",""
"MK","Macro Indicators","52","Azerbaijan","6119","Value US$","22014","Gross Domestic Product per capita","2017","2017","","4146.374282","Fc","Calculated data",""
"MK","Macro Indicators","52","Azerbaijan","6129","Annual growth US$","22014","Gross Domestic Product per capita","2017","2017","%","6.491249","Fc","Calculated data",""
"MK","Macro Indicators","12","Bahamas","6119","Value US$","22014","Gross Domestic Product per capita","2017","2017","","29824.66915","Fc","Calculated data",""
"MK","Macro Indicators","12","Bahamas","6129","Annual growth US$","22014","Gross Domestic Product per capita","2017","2017","%","3.60997","Fc","Calculated data",""
"MK","Macro Indicators","13","Bahrain","6119","Value US$","22014","Gross Domestic Product per capita","2017","2017","","23667.619293","Fc","Calculated data",""
"MK","Macro Indicators","13","Bahrain","6129","Annual growth US$","22014","Gross Domestic Product per capita","2017","2017","%","4.660275","Fc","Calculated data",""
"MK","Macro Indicators","16","Bangladesh","6119","Value US$","22014","Gross Domestic Product per capita","2017","2017","","1491.67341","Fc","Calculated data",""
"MK","Macro Indicators","16","Bangladesh","6129","Annual growth US$","22014","Gross Domestic Product per capita","2017","2017","%","10.328208","Fc","Calculated data",""
"MK","Macro Indicators","14","Barbados","6119","Value US$","22014","Gross Domestic Product per capita","2017","2017","","16494.171852","Fc","Calculated data",""
"MK","Macro Indicators","14","Barbados","6129","Annual growth US$","22014","Gross Domestic Product per capita","2017","2017","%","2.814097","Fc","Calculated data",""
"MK","Macro Indicators","57","Belarus","6119","Value US$","22014","Gross Domestic Product per capita","2017","2017","","5749.814704","Fc","Calculated data",""
"MK","Macro Indicators","57","Belarus","6129","Annual growth US$","22014","Gross Domestic Product per capita","2017","2017","%","14.217165","Fc","Calculated data",""
"MK","Macro Indicators","255","Belgium","6119","Value US$","22014","Gross Domestic Product per capita","2017","2017","","43288.914762","Fc","Calculated data",""
"MK","Macro Indicators","255","Belgium","6129","Annual growth US$","22014","Gross Domestic Product per capita","2017","2017","%","4.673488","Fc","Calculated data",""
"MK","Macro Indicators","23","Belize","6119","Value US$","22014","Gross Domestic Product per capita","2017","2017","","5076.988841","Fc","Calculated data",""
"MK","Macro Indicators","23","Belize","6129","Annual growth US$","22014","Gross Domestic Product per capita","2017","2017","%","2.354897","Fc","Calculated data",""
"MK","Macro Indicators","53","Benin","6119","Value US$","22014","Gross Domestic Product per capita","2017","2017","","826.475967","Fc","Calculated data",""
"MK","Macro Indicators","53","Benin","6129","Annual growth US$","22014","Gross Domestic Product per capita","2017","2017","%","4.823258","Fc","Calculated data",""
"MK","Macro Indicators","17","Bermuda","6119","Value US$","22014","Gross Domestic Product per capita","2017","2017","","102192.114688","Fc","Calculated data",""
"MK","Macro Indicators","17","Bermuda","6129","Annual growth US$","22014","Gross Domestic Product per capita","2017","2017","%","3.424347","Fc","Calculated data",""
"MK","Macro Indicators","18","Bhutan","6119","Value US$","22014","Gross Domestic Product per capita","2017","2017","","3172.833013","Fc","Calculated data",""
"MK","Macro Indicators","18","Bhutan","6129","Annual growth US$","22014","Gross Domestic Product per capita","2017","2017","%","14.396025","Fc","Calculated data",""
"MK","Macro Indicators","19","Bolivia (Plurinational State of)","6119","Value US$","22014","Gross Domestic Product per capita","2017","2017","","3393.955822","Fc","Calculated data",""
"MK","Macro Indicators","19","Bolivia (Plurinational State of)","6129","Annual growth US$","22014","Gross Domestic Product per capita","2017","2017","%","8.87379","Fc","Calculated data",""
"MK","Macro Indicators","80","Bosnia and Herzegovina","6119","Value US$","22014","Gross Domestic Product per capita","2017","2017","","5180.777827","Fc","Calculated data",""
"MK","Macro Indicators","80","Bosnia and Herzegovina","6129","Annual growth US$","22014","Gross Domestic Product per capita","2017","2017","%","7.741403","Fc","Calculated data",""
"MK","Macro Indicators","20","Botswana","6119","Value US$","22014","Gross Domestic Product per capita","2017","2017","","7595.595817","Fc","Calculated data",""
"MK","Macro Indicators","20","Botswana","6129","Annual growth US$","22014","Gross Domestic Product per capita","2017","2017","%","9.223565","Fc","Calculated data",""
"MK","Macro Indicators","21","Brazil","6119","Value US$","22014","Gross Domestic Product per capita","2017","2017","","9821.439776","Fc","Calculated data",""
"MK","Macro Indicators","21","Brazil","6129","Annual growth US$","22014","Gross Domestic Product per capita","2017","2017","%","13.757791","Fc","Calculated data",""
"MK","Macro Indicators","239","British Virgin Islands","6119","Value US$","22014","Gross Domestic Product per capita","2017","2017","","31916.8169","Fc","Calculated data",""
"MK","Macro Indicators","239","British Virgin Islands","6129","Annual growth US$","22014","Gross Domestic Product per capita","2017","2017","%","0.758251","Fc","Calculated data",""
"MK","Macro Indicators","26","Brunei Darussalam","6119","Value US$","22014","Gross Domestic Product per capita","2017","2017","","28290.766219","Fc","Calculated data",""
"MK","Macro Indicators","26","Brunei Darussalam","6129","Annual growth US$","22014","Gross Domestic Product per capita","2017","2017","%","5.019814","Fc","Calculated data",""
"MK","Macro Indicators","27","Bulgaria","6119","Value US$","22014","Gross Domestic Product per capita","2017","2017","","8218.195576","Fc","Calculated data",""
"MK","Macro Indicators","27","Bulgaria","6129","Annual growth US$","22014","Gross Domestic Product per capita","2017","2017","%","10.083295","Fc","Calculated data",""
"MK","Macro Indicators","233","Burkina Faso","6119","Value US$","22014","Gross Domestic Product per capita","2017","2017","","642.138599","Fc","Calculated data",""
"MK","Macro Indicators","233","Burkina Faso","6129","Annual growth US$","22014","Gross Domestic Product per capita","2017","2017","%","10.214726","Fc","Calculated data",""
"MK","Macro Indicators","29","Burundi","6119","Value US$","22014","Gross Domestic Product per capita","2017","2017","","290.444154","Fc","Calculated data",""
"MK","Macro Indicators","29","Burundi","6129","Annual growth US$","22014","Gross Domestic Product per capita","2017","2017","%","4.839037","Fc","Calculated data",""
"MK","Macro Indicators","35","Cabo Verde","6119","Value US$","22014","Gross Domestic Product per capita","2017","2017","","3244.671167","Fc","Calculated data",""
"MK","Macro Indicators","35","Cabo Verde","6129","Annual growth US$","22014","Gross Domestic Product per capita","2017","2017","%","5.272583","Fc","Calculated data",""
"MK","Macro Indicators","115","Cambodia","6119","Value US$","22014","Gross Domestic Product per capita","2017","2017","","1382.121381","Fc","Calculated data",""
"MK","Macro Indicators","115","Cambodia","6129","Annual growth US$","22014","Gross Domestic Product per capita","2017","2017","%","8.836404","Fc","Calculated data",""
"MK","Macro Indicators","32","Cameroon","6119","Value US$","22014","Gross Domestic Product per capita","2017","2017","","1451.917632","Fc","Calculated data",""
"MK","Macro Indicators","32","Cameroon","6129","Annual growth US$","22014","Gross Domestic Product per capita","2017","2017","%","4.335459","Fc","Calculated data",""
"MK","Macro Indicators","33","Canada","6119","Value US$","22014","Gross Domestic Product per capita","2017","2017","","44973.548101","Fc","Calculated data",""
"MK","Macro Indicators","33","Canada","6129","Annual growth US$","22014","Gross Domestic Product per capita","2017","2017","%","6.884836","Fc","Calculated data",""
"MK","Macro Indicators","36","Cayman Islands","6119","Value US$","22014","Gross Domestic Product per capita","2017","2017","","65472.389448","Fc","Calculated data",""
"MK","Macro Indicators","36","Cayman Islands","6129","Annual growth US$","22014","Gross Domestic Product per capita","2017","2017","%","2.015443","Fc","Calculated data",""
"MK","Macro Indicators","37","Central African Republic","6119","Value US$","22014","Gross Domestic Product per capita","2017","2017","","427.714079","Fc","Calculated data",""
"MK","Macro Indicators","37","Central African Republic","6129","Annual growth US$","22014","Gross Domestic Product per capita","2017","2017","%","8.597417","Fc","Calculated data",""
"MK","Macro Indicators","39","Chad","6119","Value US$","22014","Gross Domestic Product per capita","2017","2017","","719.25903","Fc","Calculated data",""
"MK","Macro Indicators","39","Chad","6129","Annual growth US$","22014","Gross Domestic Product per capita","2017","2017","%","-5.093667","Fc","Calculated data",""
"MK","Macro Indicators","40","Chile","6119","Value US$","22014","Gross Domestic Product per capita","2017","2017","","15346.727899","Fc","Calculated data",""
"MK","Macro Indicators","40","Chile","6129","Annual growth US$","22014","Gross Domestic Product per capita","2017","2017","%","9.926545","Fc","Calculated data",""
"MK","Macro Indicators","96","China, Hong Kong SAR","6119","Value US$","22014","Gross Domestic Product per capita","2017","2017","","46390.334337","Fc","Calculated data",""
"MK","Macro Indicators","96","China, Hong Kong SAR","6129","Annual growth US$","22014","Gross Domestic Product per capita","2017","2017","%","5.580849","Fc","Calculated data",""
"MK","Macro Indicators","128","China, Macao SAR","6119","Value US$","22014","Gross Domestic Product per capita","2017","2017","","80892.811251","Fc","Calculated data",""
"MK","Macro Indicators","128","China, Macao SAR","6129","Annual growth US$","22014","Gross Domestic Product per capita","2017","2017","%","9.288741","Fc","Calculated data",""
"MK","Macro Indicators","41","China, mainland","6119","Value US$","22014","Gross Domestic Product per capita","2017","2017","","8682.249561","Fc","Calculated data",""
"MK","Macro Indicators","41","China, mainland","6129","Annual growth US$","22014","Gross Domestic Product per capita","2017","2017","%","8.886676","Fc","Calculated data",""
"MK","Macro Indicators","44","Colombia","6119","Value US$","22014","Gross Domestic Product per capita","2017","2017","","6301.589873","Fc","Calculated data",""
"MK","Macro Indicators","44","Colombia","6129","Annual growth US$","22014","Gross Domestic Product per capita","2017","2017","%","9.462243","Fc","Calculated data",""
"MK","Macro Indicators","45","Comoros","6119","Value US$","22014","Gross Domestic Product per capita","2017","2017","","1329.917527","Fc","Calculated data",""
"MK","Macro Indicators","45","Comoros","6129","Annual growth US$","22014","Gross Domestic Product per capita","2017","2017","%","3.625077","Fc","Calculated data",""
"MK","Macro Indicators","46","Congo","6119","Value US$","22014","Gross Domestic Product per capita","2017","2017","","2146.531372","Fc","Calculated data",""
"MK","Macro Indicators","46","Congo","6129","Annual growth US$","22014","Gross Domestic Product per capita","2017","2017","%","8.935441","Fc","Calculated data",""
"MK","Macro Indicators","47","Cook Islands","6119","Value US$","22014","Gross Domestic Product per capita","2017","2017","","17797.628186","Fc","Calculated data",""
"MK","Macro Indicators","47","Cook Islands","6129","Annual growth US$","22014","Gross Domestic Product per capita","2017","2017","%","7.398233","Fc","Calculated data",""
"MK","Macro Indicators","48","Costa Rica","6119","Value US$","22014","Gross Domestic Product per capita","2017","2017","","11734.100254","Fc","Calculated data",""
"MK","Macro Indicators","48","Costa Rica","6129","Annual growth US$","22014","Gross Domestic Product per capita","2017","2017","%","0.011839","Fc","Calculated data",""
"MK","Macro Indicators","107","Côte d'Ivoire","6119","Value US$","22014","Gross Domestic Product per capita","2017","2017","","1566.383577","Fc","Calculated data",""
"MK","Macro Indicators","107","Côte d'Ivoire","6129","Annual growth US$","22014","Gross Domestic Product per capita","2017","2017","%","5.168355","Fc","Calculated data",""
"MK","Macro Indicators","98","Croatia","6119","Value US$","22014","Gross Domestic Product per capita","2017","2017","","13176.533875","Fc","Calculated data",""
"MK","Macro Indicators","98","Croatia","6129","Annual growth US$","22014","Gross Domestic Product per capita","2017","2017","%","7.540594","Fc","Calculated data",""
"MK","Macro Indicators","49","Cuba","6119","Value US$","22014","Gross Domestic Product per capita","2017","2017","","8433.092699","Fc","Calculated data",""
"MK","Macro Indicators","49","Cuba","6129","Annual growth US$","22014","Gross Domestic Product per capita","2017","2017","%","5.918814","Fc","Calculated data",""
"MK","Macro Indicators","50","Cyprus","6119","Value US$","22014","Gross Domestic Product per capita","2017","2017","","25789.84975","Fc","Calculated data",""
"MK","Macro Indicators","50","Cyprus","6129","Annual growth US$","22014","Gross Domestic Product per capita","2017","2017","%","6.967465","Fc","Calculated data",""
"MK","Macro Indicators","167","Czechia","6119","Value US$","22014","Gross Domestic Product per capita","2017","2017","","20325.715788","Fc","Calculated data",""
"MK","Macro Indicators","167","Czechia","6129","Annual growth US$","22014","Gross Domestic Product per capita","2017","2017","%","10.551434","Fc","Calculated data",""
"MK","Macro Indicators","116","Democratic People's Republic of Korea","6119","Value US$","22014","Gross Domestic Product per capita","2017","2017","","684.600808","Fc","Calculated data",""
"MK","Macro Indicators","116","Democratic People's Republic of Korea","6129","Annual growth US$","22014","Gross Domestic Product per capita","2017","2017","%","2.935209","Fc","Calculated data",""
"MK","Macro Indicators","250","Democratic Republic of the Congo","6119","Value US$","22014","Gross Domestic Product per capita","2017","2017","","462.779534","Fc","Calculated data",""
"MK","Macro Indicators","250","Democratic Republic of the Congo","6129","Annual growth US$","22014","Gross Domestic Product per capita","2017","2017","%","-9.6685","Fc","Calculated data",""
"MK","Macro Indicators","54","Denmark","6119","Value US$","22014","Gross Domestic Product per capita","2017","2017","","57532.502489","Fc","Calculated data",""
"MK","Macro Indicators","54","Denmark","6129","Annual growth US$","22014","Gross Domestic Product per capita","2017","2017","%","5.330355","Fc","Calculated data",""
"MK","Macro Indicators","72","Djibouti","6119","Value US$","22014","Gross Domestic Product per capita","2017","2017","","1927.592407","Fc","Calculated data",""
"MK","Macro Indicators","72","Djibouti","6129","Annual growth US$","22014","Gross Domestic Product per capita","2017","2017","%","2.956708","Fc","Calculated data",""
"MK","Macro Indicators","55","Dominica","6119","Value US$","22014","Gross Domestic Product per capita","2017","2017","","6719.337306","Fc","Calculated data",""
"MK","Macro Indicators","55","Dominica","6129","Annual growth US$","22014","Gross Domestic Product per capita","2017","2017","%","-14.129015","Fc","Calculated data",""
"MK","Macro Indicators","56","Dominican Republic","6119","Value US$","22014","Gross Domestic Product per capita","2017","2017","","7052.265681","Fc","Calculated data",""
"MK","Macro Indicators","56","Dominican Republic","6129","Annual growth US$","22014","Gross Domestic Product per capita","2017","2017","%","3.80839","Fc","Calculated data",""
"MK","Macro Indicators","58","Ecuador","6119","Value US$","22014","Gross Domestic Product per capita","2017","2017","","6273.488892","Fc","Calculated data",""
"MK","Macro Indicators","58","Ecuador","6129","Annual growth US$","22014","Gross Domestic Product per capita","2017","2017","%","4.236286","Fc","Calculated data",""
"MK","Macro Indicators","59","Egypt","6119","Value US$","22014","Gross Domestic Product per capita","2017","2017","","2000.299552","Fc","Calculated data",""
"MK","Macro Indicators","59","Egypt","6129","Annual growth US$","22014","Gross Domestic Product per capita","2017","2017","%","-29.175646","Fc","Calculated data",""
"MK","Macro Indicators","60","El Salvador","6119","Value US$","22014","Gross Domestic Product per capita","2017","2017","","3889.308775","Fc","Calculated data",""
"MK","Macro Indicators","60","El Salvador","6129","Annual growth US$","22014","Gross Domestic Product per capita","2017","2017","%","3.196505","Fc","Calculated data",""
"MK","Macro Indicators","61","Equatorial Guinea","6119","Value US$","22014","Gross Domestic Product per capita","2017","2017","","9850.347664","Fc","Calculated data",""
"MK","Macro Indicators","61","Equatorial Guinea","6129","Annual growth US$","22014","Gross Domestic Product per capita","2017","2017","%","6.92016","Fc","Calculated data",""
"MK","Macro Indicators","178","Eritrea","6119","Value US$","22014","Gross Domestic Product per capita","2017","2017","","1146.745076","Fc","Calculated data",""
"MK","Macro Indicators","178","Eritrea","6129","Annual growth US$","22014","Gross Domestic Product per capita","2017","2017","%","13.531315","Fc","Calculated data",""
"MK","Macro Indicators","63","Estonia","6119","Value US$","22014","Gross Domestic Product per capita","2017","2017","","19792.643744","Fc","Calculated data",""
"MK","Macro Indicators","63","Estonia","6129","Annual growth US$","22014","Gross Domestic Product per capita","2017","2017","%","11.30688","Fc","Calculated data",""
"MK","Macro Indicators","209","Eswatini","6119","Value US$","22014","Gross Domestic Product per capita","2017","2017","","3224.407617","Fc","Calculated data",""
"MK","Macro Indicators","209","Eswatini","6129","Annual growth US$","22014","Gross Domestic Product per capita","2017","2017","%","16.392619","Fc","Calculated data",""
"MK","Macro Indicators","238","Ethiopia","6119","Value US$","22014","Gross Domestic Product per capita","2017","2017","","720.339679","Fc","Calculated data",""
"MK","Macro Indicators","238","Ethiopia","6129","Annual growth US$","22014","Gross Domestic Product per capita","2017","2017","%","4.907557","Fc","Calculated data",""
"MK","Macro Indicators","66","Fiji","6119","Value US$","22014","Gross Domestic Product per capita","2017","2017","","5382.298932","Fc","Calculated data",""
"MK","Macro Indicators","66","Fiji","6129","Annual growth US$","22014","Gross Domestic Product per capita","2017","2017","%","5.74667","Fc","Calculated data",""
"MK","Macro Indicators","67","Finland","6119","Value US$","22014","Gross Domestic Product per capita","2017","2017","","45670.119522","Fc","Calculated data",""
"MK","Macro Indicators","67","Finland","6129","Annual growth US$","22014","Gross Domestic Product per capita","2017","2017","%","5.135773","Fc","Calculated data",""
"MK","Macro Indicators","68","France","6119","Value US$","22014","Gross Domestic Product per capita","2017","2017","","38414.881845","Fc","Calculated data",""
"MK","Macro Indicators","68","France","6129","Annual growth US$","22014","Gross Domestic Product per capita","2017","2017","%","4.32679","Fc","Calculated data",""
"MK","Macro Indicators","70","French Polynesia","6119","Value US$","22014","Gross Domestic Product per capita","2017","2017","","19806.96524","Fc","Calculated data",""
"MK","Macro Indicators","70","French Polynesia","6129","Annual growth US$","22014","Gross Domestic Product per capita","2017","2017","%","3.39625","Fc","Calculated data",""
"MK","Macro Indicators","74","Gabon","6119","Value US$","22014","Gross Domestic Product per capita","2017","2017","","7220.932137","Fc","Calculated data",""
"MK","Macro Indicators","74","Gabon","6129","Annual growth US$","22014","Gross Domestic Product per capita","2017","2017","%","2.170032","Fc","Calculated data",""
"MK","Macro Indicators","75","Gambia","6119","Value US$","22014","Gross Domestic Product per capita","2017","2017","","709.076745","Fc","Calculated data",""
"MK","Macro Indicators","75","Gambia","6129","Annual growth US$","22014","Gross Domestic Product per capita","2017","2017","%","0.218833","Fc","Calculated data",""
"MK","Macro Indicators","73","Georgia","6119","Value US$","22014","Gross Domestic Product per capita","2017","2017","","3874.947125","Fc","Calculated data",""
"MK","Macro Indicators","73","Georgia","6129","Annual growth US$","22014","Gross Domestic Product per capita","2017","2017","%","5.792737","Fc","Calculated data",""
"MK","Macro Indicators","79","Germany","6119","Value US$","22014","Gross Domestic Product per capita","2017","2017","","44976.426157","Fc","Calculated data",""
"MK","Macro Indicators","79","Germany","6129","Annual growth US$","22014","Gross Domestic Product per capita","2017","2017","%","5.409371","Fc","Calculated data",""
"MK","Macro Indicators","81","Ghana","6119","Value US$","22014","Gross Domestic Product per capita","2017","2017","","2046.09431","Fc","Calculated data",""
"MK","Macro Indicators","81","Ghana","6129","Annual growth US$","22014","Gross Domestic Product per capita","2017","2017","%","4.915303","Fc","Calculated data",""
"MK","Macro Indicators","84","Greece","6119","Value US$","22014","Gross Domestic Product per capita","2017","2017","","18198.000213","Fc","Calculated data",""
"MK","Macro Indicators","84","Greece","6129","Annual growth US$","22014","Gross Domestic Product per capita","2017","2017","%","4.250957","Fc","Calculated data",""
"MK","Macro Indicators","85","Greenland","6119","Value US$","22014","Gross Domestic Product per capita","2017","2017","","49398.438915","Fc","Calculated data",""
"MK","Macro Indicators","85","Greenland","6129","Annual growth US$","22014","Gross Domestic Product per capita","2017","2017","%","2.695297","Fc","Calculated data",""
"MK","Macro Indicators","86","Grenada","6119","Value US$","22014","Gross Domestic Product per capita","2017","2017","","10451.029796","Fc","Calculated data",""
"MK","Macro Indicators","86","Grenada","6129","Annual growth US$","22014","Gross Domestic Product per capita","2017","2017","%","5.646212","Fc","Calculated data",""
"MK","Macro Indicators","89","Guatemala","6119","Value US$","22014","Gross Domestic Product per capita","2017","2017","","4470.961587","Fc","Calculated data",""
"MK","Macro Indicators","89","Guatemala","6129","Annual growth US$","22014","Gross Domestic Product per capita","2017","2017","%","7.975536","Fc","Calculated data",""
"MK","Macro Indicators","90","Guinea","6119","Value US$","22014","Gross Domestic Product per capita","2017","2017","","802.731962","Fc","Calculated data",""
"MK","Macro Indicators","90","Guinea","6129","Annual growth US$","22014","Gross Domestic Product per capita","2017","2017","%","14.448953","Fc","Calculated data",""
"MK","Macro Indicators","175","Guinea-Bissau","6119","Value US$","22014","Gross Domestic Product per capita","2017","2017","","723.633954","Fc","Calculated data",""
"MK","Macro Indicators","175","Guinea-Bissau","6129","Annual growth US$","22014","Gross Domestic Product per capita","2017","2017","%","11.530348","Fc","Calculated data",""
"MK","Macro Indicators","91","Guyana","6119","Value US$","22014","Gross Domestic Product per capita","2017","2017","","4555.068423","Fc","Calculated data",""
"MK","Macro Indicators","91","Guyana","6129","Annual growth US$","22014","Gross Domestic Product per capita","2017","2017","%","0.525792","Fc","Calculated data",""
"MK","Macro Indicators","93","Haiti","6119","Value US$","22014","Gross Domestic Product per capita","2017","2017","","775.972532","Fc","Calculated data",""
"MK","Macro Indicators","93","Haiti","6129","Annual growth US$","22014","Gross Domestic Product per capita","2017","2017","%","10.785341","Fc","Calculated data",""
"MK","Macro Indicators","95","Honduras","6119","Value US$","22014","Gross Domestic Product per capita","2017","2017","","2480.127469","Fc","Calculated data",""
"MK","Macro Indicators","95","Honduras","6129","Annual growth US$","22014","Gross Domestic Product per capita","2017","2017","%","4.422299","Fc","Calculated data",""
"MK","Macro Indicators","97","Hungary","6119","Value US$","22014","Gross Domestic Product per capita","2017","2017","","14376.412065","Fc","Calculated data",""
"MK","Macro Indicators","97","Hungary","6129","Annual growth US$","22014","Gross Domestic Product per capita","2017","2017","%","11.276436","Fc","Calculated data",""
"MK","Macro Indicators","99","Iceland","6119","Value US$","22014","Gross Domestic Product per capita","2017","2017","","73060.185183","Fc","Calculated data",""
"MK","Macro Indicators","99","Iceland","6129","Annual growth US$","22014","Gross Domestic Product per capita","2017","2017","%","17.255179","Fc","Calculated data",""
"MK","Macro Indicators","100","India","6119","Value US$","22014","Gross Domestic Product per capita","2017","2017","","1923.316034","Fc","Calculated data",""
"MK","Macro Indicators","100","India","6129","Annual growth US$","22014","Gross Domestic Product per capita","2017","2017","%","12.190844","Fc","Calculated data",""
"MK","Macro Indicators","101","Indonesia","6119","Value US$","22014","Gross Domestic Product per capita","2017","2017","","3846.864333","Fc","Calculated data",""
"MK","Macro Indicators","101","Indonesia","6129","Annual growth US$","22014","Gross Domestic Product per capita","2017","2017","%","7.746713","Fc","Calculated data",""
"MK","Macro Indicators","102","Iran (Islamic Republic of)","6119","Value US$","22014","Gross Domestic Product per capita","2017","2017","","5679.648509","Fc","Calculated data",""
"MK","Macro Indicators","102","Iran (Islamic Republic of)","6129","Annual growth US$","22014","Gross Domestic Product per capita","2017","2017","%","7.180247","Fc","Calculated data",""
"MK","Macro Indicators","103","Iraq","6119","Value US$","22014","Gross Domestic Product per capita","2017","2017","","4755.724473","Fc","Calculated data",""
"MK","Macro Indicators","103","Iraq","6129","Annual growth US$","22014","Gross Domestic Product per capita","2017","2017","%","9.531171","Fc","Calculated data",""
"MK","Macro Indicators","104","Ireland","6119","Value US$","22014","Gross Domestic Product per capita","2017","2017","","69603.924409","Fc","Calculated data",""
"MK","Macro Indicators","104","Ireland","6129","Annual growth US$","22014","Gross Domestic Product per capita","2017","2017","%","8.837486","Fc","Calculated data",""
"MK","Macro Indicators","105","Israel","6119","Value US$","22014","Gross Domestic Product per capita","2017","2017","","42452.135031","Fc","Calculated data",""
"MK","Macro Indicators","105","Israel","6129","Annual growth US$","22014","Gross Domestic Product per capita","2017","2017","%","8.886858","Fc","Calculated data",""
"MK","Macro Indicators","106","Italy","6119","Value US$","22014","Gross Domestic Product per capita","2017","2017","","32746.608001","Fc","Calculated data",""
"MK","Macro Indicators","106","Italy","6129","Annual growth US$","22014","Gross Domestic Product per capita","2017","2017","%","4.120217","Fc","Calculated data",""
"MK","Macro Indicators","109","Jamaica","6119","Value US$","22014","Gross Domestic Product per capita","2017","2017","","5129.845281","Fc","Calculated data",""
"MK","Macro Indicators","109","Jamaica","6129","Annual growth US$","22014","Gross Domestic Product per capita","2017","2017","%","4.998951","Fc","Calculated data",""
"MK","Macro Indicators","110","Japan","6119","Value US$","22014","Gross Domestic Product per capita","2017","2017","","38219.681728","Fc","Calculated data",""
"MK","Macro Indicators","110","Japan","6129","Annual growth US$","22014","Gross Domestic Product per capita","2017","2017","%","-1.349003","Fc","Calculated data",""
"MK","Macro Indicators","112","Jordan","6119","Value US$","22014","Gross Domestic Product per capita","2017","2017","","4195.729706","Fc","Calculated data",""
"MK","Macro Indicators","112","Jordan","6129","Annual growth US$","22014","Gross Domestic Product per capita","2017","2017","%","1.217732","Fc","Calculated data",""
"MK","Macro Indicators","108","Kazakhstan","6119","Value US$","22014","Gross Domestic Product per capita","2017","2017","","8756.45714","Fc","Calculated data",""
"MK","Macro Indicators","108","Kazakhstan","6129","Annual growth US$","22014","Gross Domestic Product per capita","2017","2017","%","14.736864","Fc","Calculated data",""
"MK","Macro Indicators","114","Kenya","6119","Value US$","22014","Gross Domestic Product per capita","2017","2017","","1507.814626","Fc","Calculated data",""
"MK","Macro Indicators","114","Kenya","6129","Annual growth US$","22014","Gross Domestic Product per capita","2017","2017","%","3.098146","Fc","Calculated data",""
"MK","Macro Indicators","83","Kiribati","6119","Value US$","22014","Gross Domestic Product per capita","2017","2017","","1694.286106","Fc","Calculated data",""
"MK","Macro Indicators","83","Kiribati","6129","Annual growth US$","22014","Gross Domestic Product per capita","2017","2017","%","6.757526","Fc","Calculated data",""
"MK","Macro Indicators","275","Kosovo","6119","Value US$","22014","Gross Domestic Product per capita","2017","2017","","4116.326024","Fc","Calculated data",""
"MK","Macro Indicators","275","Kosovo","6129","Annual growth US$","22014","Gross Domestic Product per capita","2017","2017","%","8.005355","Fc","Calculated data",""
"MK","Macro Indicators","118","Kuwait","6119","Value US$","22014","Gross Domestic Product per capita","2017","2017","","28897.186517","Fc","Calculated data",""
"MK","Macro Indicators","118","Kuwait","6129","Annual growth US$","22014","Gross Domestic Product per capita","2017","2017","%","7.039577","Fc","Calculated data",""
"MK","Macro Indicators","113","Kyrgyzstan","6119","Value US$","22014","Gross Domestic Product per capita","2017","2017","","1251.380638","Fc","Calculated data",""
"MK","Macro Indicators","113","Kyrgyzstan","6129","Annual growth US$","22014","Gross Domestic Product per capita","2017","2017","%","9.390663","Fc","Calculated data",""
"MK","Macro Indicators","120","Lao People's Democratic Republic","6119","Value US$","22014","Gross Domestic Product per capita","2017","2017","","2457.379901","Fc","Calculated data",""
"MK","Macro Indicators","120","Lao People's Democratic Republic","6129","Annual growth US$","22014","Gross Domestic Product per capita","2017","2017","%","5.074963","Fc","Calculated data",""
"MK","Macro Indicators","119","Latvia","6119","Value US$","22014","Gross Domestic Product per capita","2017","2017","","15624.850572","Fc","Calculated data",""
"MK","Macro Indicators","119","Latvia","6129","Annual growth US$","22014","Gross Domestic Product per capita","2017","2017","%","11.170641","Fc","Calculated data",""
"MK","Macro Indicators","121","Lebanon","6119","Value US$","22014","Gross Domestic Product per capita","2017","2017","","8778.471832","Fc","Calculated data",""
"MK","Macro Indicators","121","Lebanon","6129","Annual growth US$","22014","Gross Domestic Product per capita","2017","2017","%","2.908555","Fc","Calculated data",""
"MK","Macro Indicators","122","Lesotho","6119","Value US$","22014","Gross Domestic Product per capita","2017","2017","","1178.311754","Fc","Calculated data",""
"MK","Macro Indicators","122","Lesotho","6129","Annual growth US$","22014","Gross Domestic Product per capita","2017","2017","%","13.331537","Fc","Calculated data",""
"MK","Macro Indicators","123","Liberia","6119","Value US$","22014","Gross Domestic Product per capita","2017","2017","","583.830053","Fc","Calculated data",""
"MK","Macro Indicators","123","Liberia","6129","Annual growth US$","22014","Gross Domestic Product per capita","2017","2017","%","-2.29639","Fc","Calculated data",""
"MK","Macro Indicators","124","Libya","6119","Value US$","22014","Gross Domestic Product per capita","2017","2017","","3941.773821","Fc","Calculated data",""
"MK","Macro Indicators","124","Libya","6129","Annual growth US$","22014","Gross Domestic Product per capita","2017","2017","%","61.926252","Fc","Calculated data",""
"MK","Macro Indicators","125","Liechtenstein","6119","Value US$","22014","Gross Domestic Product per capita","2017","2017","","166021.702917","Fc","Calculated data",""
"MK","Macro Indicators","125","Liechtenstein","6129","Annual growth US$","22014","Gross Domestic Product per capita","2017","2017","%","0.622792","Fc","Calculated data",""
"MK","Macro Indicators","126","Lithuania","6119","Value US$","22014","Gross Domestic Product per capita","2017","2017","","16449.679586","Fc","Calculated data",""
"MK","Macro Indicators","126","Lithuania","6129","Annual growth US$","22014","Gross Domestic Product per capita","2017","2017","%","11.32422","Fc","Calculated data",""
"MK","Macro Indicators","256","Luxembourg","6119","Value US$","22014","Gross Domestic Product per capita","2017","2017","","106805.768781","Fc","Calculated data",""
"MK","Macro Indicators","256","Luxembourg","6129","Annual growth US$","22014","Gross Domestic Product per capita","2017","2017","%","4.294119","Fc","Calculated data",""
"MK","Macro Indicators","129","Madagascar","6119","Value US$","22014","Gross Domestic Product per capita","2017","2017","","516.540042","Fc","Calculated data",""
"MK","Macro Indicators","129","Madagascar","6129","Annual growth US$","22014","Gross Domestic Product per capita","2017","2017","%","11.943008","Fc","Calculated data",""
"MK","Macro Indicators","130","Malawi","6119","Value US$","22014","Gross Domestic Product per capita","2017","2017","","340.417089","Fc","Calculated data",""
"MK","Macro Indicators","130","Malawi","6129","Annual growth US$","22014","Gross Domestic Product per capita","2017","2017","%","15.983918","Fc","Calculated data",""
"MK","Macro Indicators","131","Malaysia","6119","Value US$","22014","Gross Domestic Product per capita","2017","2017","","9951.449559","Fc","Calculated data",""
"MK","Macro Indicators","131","Malaysia","6129","Annual growth US$","22014","Gross Domestic Product per capita","2017","2017","%","4.584844","Fc","Calculated data",""
"MK","Macro Indicators","132","Maldives","6119","Value US$","22014","Gross Domestic Product per capita","2017","2017","","11151.092028","Fc","Calculated data",""
"MK","Macro Indicators","132","Maldives","6129","Annual growth US$","22014","Gross Domestic Product per capita","2017","2017","%","8.062725","Fc","Calculated data",""
"MK","Macro Indicators","133","Mali","6119","Value US$","22014","Gross Domestic Product per capita","2017","2017","","821.693529","Fc","Calculated data",""
"MK","Macro Indicators","133","Mali","6129","Annual growth US$","22014","Gross Domestic Product per capita","2017","2017","%","5.378101","Fc","Calculated data",""
"MK","Macro Indicators","134","Malta","6119","Value US$","22014","Gross Domestic Product per capita","2017","2017","","29136.967918","Fc","Calculated data",""
"MK","Macro Indicators","134","Malta","6129","Annual growth US$","22014","Gross Domestic Product per capita","2017","2017","%","11.096716","Fc","Calculated data",""
"MK","Macro Indicators","127","Marshall Islands","6119","Value US$","22014","Gross Domestic Product per capita","2017","2017","","3753.256292","Fc","Calculated data",""
"MK","Macro Indicators","127","Marshall Islands","6129","Annual growth US$","22014","Gross Domestic Product per capita","2017","2017","%","2.402287","Fc","Calculated data",""
"MK","Macro Indicators","136","Mauritania","6119","Value US$","22014","Gross Domestic Product per capita","2017","2017","","1129.389152","Fc","Calculated data",""
"MK","Macro Indicators","136","Mauritania","6129","Annual growth US$","22014","Gross Domestic Product per capita","2017","2017","%","2.331841","Fc","Calculated data",""
"MK","Macro Indicators","137","Mauritius","6119","Value US$","22014","Gross Domestic Product per capita","2017","2017","","10564.912597","Fc","Calculated data",""
"MK","Macro Indicators","137","Mauritius","6129","Annual growth US$","22014","Gross Domestic Product per capita","2017","2017","%","9.111443","Fc","Calculated data",""
"MK","Macro Indicators","138","Mexico","6119","Value US$","22014","Gross Domestic Product per capita","2017","2017","","8967.170167","Fc","Calculated data",""
"MK","Macro Indicators","138","Mexico","6129","Annual growth US$","22014","Gross Domestic Product per capita","2017","2017","%","6.109155","Fc","Calculated data",""
"MK","Macro Indicators","145","Micronesia (Federated States of)","6119","Value US$","22014","Gross Domestic Product per capita","2017","2017","","3187.557161","Fc","Calculated data",""
"MK","Macro Indicators","145","Micronesia (Federated States of)","6129","Annual growth US$","22014","Gross Domestic Product per capita","2017","2017","%","1.393374","Fc","Calculated data",""
"MK","Macro Indicators","140","Monaco","6119","Value US$","22014","Gross Domestic Product per capita","2017","2017","","165420.989472","Fc","Calculated data",""
"MK","Macro Indicators","140","Monaco","6129","Annual growth US$","22014","Gross Domestic Product per capita","2017","2017","%","-1.536931","Fc","Calculated data",""
"MK","Macro Indicators","141","Mongolia","6119","Value US$","22014","Gross Domestic Product per capita","2017","2017","","3620.391806","Fc","Calculated data",""
"MK","Macro Indicators","141","Mongolia","6129","Annual growth US$","22014","Gross Domestic Product per capita","2017","2017","%","-2.023539","Fc","Calculated data",""
"MK","Macro Indicators","273","Montenegro","6119","Value US$","22014","Gross Domestic Product per capita","2017","2017","","7702.566373","Fc","Calculated data",""
"MK","Macro Indicators","273","Montenegro","6129","Annual growth US$","22014","Gross Domestic Product per capita","2017","2017","%","10.699807","Fc","Calculated data",""
"MK","Macro Indicators","142","Montserrat","6119","Value US$","22014","Gross Domestic Product per capita","2017","2017","","11581.854213","Fc","Calculated data",""
"MK","Macro Indicators","142","Montserrat","6129","Annual growth US$","22014","Gross Domestic Product per capita","2017","2017","%","-5.040537","Fc","Calculated data",""
"MK","Macro Indicators","143","Morocco","6119","Value US$","22014","Gross Domestic Product per capita","2017","2017","","3069.671013","Fc","Calculated data",""
"MK","Macro Indicators","143","Morocco","6129","Annual growth US$","22014","Gross Domestic Product per capita","2017","2017","%","4.782574","Fc","Calculated data",""
"MK","Macro Indicators","144","Mozambique","6119","Value US$","22014","Gross Domestic Product per capita","2017","2017","","426.438077","Fc","Calculated data",""
"MK","Macro Indicators","144","Mozambique","6129","Annual growth US$","22014","Gross Domestic Product per capita","2017","2017","%","12.821138","Fc","Calculated data",""
"MK","Macro Indicators","28","Myanmar","6119","Value US$","22014","Gross Domestic Product per capita","2017","2017","","1257.281029","Fc","Calculated data",""
"MK","Macro Indicators","28","Myanmar","6129","Annual growth US$","22014","Gross Domestic Product per capita","2017","2017","%","2.992295","Fc","Calculated data",""
"MK","Macro Indicators","147","Namibia","6119","Value US$","22014","Gross Domestic Product per capita","2017","2017","","5227.179824","Fc","Calculated data",""
"MK","Macro Indicators","147","Namibia","6129","Annual growth US$","22014","Gross Domestic Product per capita","2017","2017","%","14.613231","Fc","Calculated data",""
"MK","Macro Indicators","148","Nauru","6119","Value US$","22014","Gross Domestic Product per capita","2017","2017","","10045.377371","Fc","Calculated data",""
"MK","Macro Indicators","148","Nauru","6129","Annual growth US$","22014","Gross Domestic Product per capita","2017","2017","%","10.162454","Fc","Calculated data",""
"MK","Macro Indicators","149","Nepal","6119","Value US$","22014","Gross Domestic Product per capita","2017","2017","","848.668341","Fc","Calculated data",""
"MK","Macro Indicators","149","Nepal","6129","Annual growth US$","22014","Gross Domestic Product per capita","2017","2017","%","17.525239","Fc","Calculated data",""
"MK","Macro Indicators","150","Netherlands","6119","Value US$","22014","Gross Domestic Product per capita","2017","2017","","48754.146608","Fc","Calculated data",""
"MK","Macro Indicators","150","Netherlands","6129","Annual growth US$","22014","Gross Domestic Product per capita","2017","2017","%","5.701722","Fc","Calculated data",""
"MK","Macro Indicators","153","New Caledonia","6119","Value US$","22014","Gross Domestic Product per capita","2017","2017","","35815.485715","Fc","Calculated data",""
"MK","Macro Indicators","153","New Caledonia","6129","Annual growth US$","22014","Gross Domestic Product per capita","2017","2017","%","3.391425","Fc","Calculated data",""
"MK","Macro Indicators","156","New Zealand","6119","Value US$","22014","Gross Domestic Product per capita","2017","2017","","42934.984819","Fc","Calculated data",""
"MK","Macro Indicators","156","New Zealand","6129","Annual growth US$","22014","Gross Domestic Product per capita","2017","2017","%","6.52569","Fc","Calculated data",""
"MK","Macro Indicators","157","Nicaragua","6119","Value US$","22014","Gross Domestic Product per capita","2017","2017","","2221.781208","Fc","Calculated data",""
"MK","Macro Indicators","157","Nicaragua","6129","Annual growth US$","22014","Gross Domestic Product per capita","2017","2017","%","3.63637","Fc","Calculated data",""
"MK","Macro Indicators","158","Niger","6119","Value US$","22014","Gross Domestic Product per capita","2017","2017","","378.072121","Fc","Calculated data",""
"MK","Macro Indicators","158","Niger","6129","Annual growth US$","22014","Gross Domestic Product per capita","2017","2017","%","2.761342","Fc","Calculated data",""
"MK","Macro Indicators","159","Nigeria","6119","Value US$","22014","Gross Domestic Product per capita","2017","2017","","1968.552472","Fc","Calculated data",""
"MK","Macro Indicators","159","Nigeria","6129","Annual growth US$","22014","Gross Domestic Product per capita","2017","2017","%","-9.519052","Fc","Calculated data",""
"MK","Macro Indicators","154","North Macedonia","6119","Value US$","22014","Gross Domestic Product per capita","2017","2017","","5414.618796","Fc","Calculated data",""
"MK","Macro Indicators","154","North Macedonia","6129","Annual growth US$","22014","Gross Domestic Product per capita","2017","2017","%","5.588892","Fc","Calculated data",""
"MK","Macro Indicators","162","Norway","6119","Value US$","22014","Gross Domestic Product per capita","2017","2017","","75295.256424","Fc","Calculated data",""
"MK","Macro Indicators","162","Norway","6129","Annual growth US$","22014","Gross Domestic Product per capita","2017","2017","%","6.54823","Fc","Calculated data",""
"MK","Macro Indicators","221","Oman","6119","Value US$","22014","Gross Domestic Product per capita","2017","2017","","15267.420756","Fc","Calculated data",""
"MK","Macro Indicators","221","Oman","6129","Annual growth US$","22014","Gross Domestic Product per capita","2017","2017","%","2.446516","Fc","Calculated data",""
"MK","Macro Indicators","165","Pakistan","6119","Value US$","22014","Gross Domestic Product per capita","2017","2017","","1533.578723","Fc","Calculated data",""
"MK","Macro Indicators","165","Pakistan","6129","Annual growth US$","22014","Gross Domestic Product per capita","2017","2017","%","6.66503","Fc","Calculated data",""
"MK","Macro Indicators","180","Palau","6119","Value US$","22014","Gross Domestic Product per capita","2017","2017","","13417.276451","Fc","Calculated data",""
"MK","Macro Indicators","180","Palau","6129","Annual growth US$","22014","Gross Domestic Product per capita","2017","2017","%","-4.68725","Fc","Calculated data",""
"MK","Macro Indicators","299","Palestine","6119","Value US$","22014","Gross Domestic Product per capita","2017","2017","","2946.334726","Fc","Calculated data",""
"MK","Macro Indicators","299","Palestine","6129","Annual growth US$","22014","Gross Domestic Product per capita","2017","2017","%","5.134336","Fc","Calculated data",""
"MK","Macro Indicators","166","Panama","6119","Value US$","22014","Gross Domestic Product per capita","2017","2017","","15087.681642","Fc","Calculated data",""
"MK","Macro Indicators","166","Panama","6129","Annual growth US$","22014","Gross Domestic Product per capita","2017","2017","%","5.265545","Fc","Calculated data",""
"MK","Macro Indicators","168","Papua New Guinea","6119","Value US$","22014","Gross Domestic Product per capita","2017","2017","","2666.997412","Fc","Calculated data",""
"MK","Macro Indicators","168","Papua New Guinea","6129","Annual growth US$","22014","Gross Domestic Product per capita","2017","2017","%","0.383985","Fc","Calculated data",""
"MK","Macro Indicators","169","Paraguay","6119","Value US$","22014","Gross Domestic Product per capita","2017","2017","","4321.507205","Fc","Calculated data",""
"MK","Macro Indicators","169","Paraguay","6129","Annual growth US$","22014","Gross Domestic Product per capita","2017","2017","%","5.977505","Fc","Calculated data",""
"MK","Macro Indicators","170","Peru","6119","Value US$","22014","Gross Domestic Product per capita","2017","2017","","6572.354968","Fc","Calculated data",""
"MK","Macro Indicators","170","Peru","6129","Annual growth US$","22014","Gross Domestic Product per capita","2017","2017","%","8.968351","Fc","Calculated data",""
"MK","Macro Indicators","171","Philippines","6119","Value US$","22014","Gross Domestic Product per capita","2017","2017","","2988.95153","Fc","Calculated data",""
"MK","Macro Indicators","171","Philippines","6129","Annual growth US$","22014","Gross Domestic Product per capita","2017","2017","%","1.288935","Fc","Calculated data",""
"MK","Macro Indicators","173","Poland","6119","Value US$","22014","Gross Domestic Product per capita","2017","2017","","13785.748978","Fc","Calculated data",""
"MK","Macro Indicators","173","Poland","6129","Annual growth US$","22014","Gross Domestic Product per capita","2017","2017","%","11.635304","Fc","Calculated data",""
"MK","Macro Indicators","174","Portugal","6119","Value US$","22014","Gross Domestic Product per capita","2017","2017","","18881.948154","Fc","Calculated data",""
"MK","Macro Indicators","174","Portugal","6129","Annual growth US$","22014","Gross Domestic Product per capita","2017","2017","%","3.978268","Fc","Calculated data",""
"MK","Macro Indicators","177","Puerto Rico","6119","Value US$","22014","Gross Domestic Product per capita","2017","2017","","28450.688769","Fc","Calculated data",""
"MK","Macro Indicators","177","Puerto Rico","6129","Annual growth US$","22014","Gross Domestic Product per capita","2017","2017","%","0.378572","Fc","Calculated data",""
"MK","Macro Indicators","179","Qatar","6119","Value US$","22014","Gross Domestic Product per capita","2017","2017","","63505.881337","Fc","Calculated data",""
"MK","Macro Indicators","179","Qatar","6129","Annual growth US$","22014","Gross Domestic Product per capita","2017","2017","%","7.048659","Fc","Calculated data",""
"MK","Macro Indicators","117","Republic of Korea","6119","Value US$","22014","Gross Domestic Product per capita","2017","2017","","30025.195737","Fc","Calculated data",""
"MK","Macro Indicators","117","Republic of Korea","6129","Annual growth US$","22014","Gross Domestic Product per capita","2017","2017","%","7.79141","Fc","Calculated data",""
"MK","Macro Indicators","146","Republic of Moldova","6119","Value US$","22014","Gross Domestic Product per capita","2017","2017","","2006.431187","Fc","Calculated data",""
"MK","Macro Indicators","146","Republic of Moldova","6129","Annual growth US$","22014","Gross Domestic Product per capita","2017","2017","%","19.859585","Fc","Calculated data",""
"MK","Macro Indicators","183","Romania","6119","Value US$","22014","Gross Domestic Product per capita","2017","2017","","10762.763558","Fc","Calculated data",""
"MK","Macro Indicators","183","Romania","6129","Annual growth US$","22014","Gross Domestic Product per capita","2017","2017","%","13.343581","Fc","Calculated data",""
"MK","Macro Indicators","185","Russian Federation","6119","Value US$","22014","Gross Domestic Product per capita","2017","2017","","10955.810259","Fc","Calculated data",""
"MK","Macro Indicators","185","Russian Federation","6129","Annual growth US$","22014","Gross Domestic Product per capita","2017","2017","%","22.769072","Fc","Calculated data",""
"MK","Macro Indicators","184","Rwanda","6119","Value US$","22014","Gross Domestic Product per capita","2017","2017","","748.350053","Fc","Calculated data",""
"MK","Macro Indicators","184","Rwanda","6129","Annual growth US$","22014","Gross Domestic Product per capita","2017","2017","%","5.231974","Fc","Calculated data",""
"MK","Macro Indicators","188","Saint Kitts and Nevis","6119","Value US$","22014","Gross Domestic Product per capita","2017","2017","","16817.950278","Fc","Calculated data",""
"MK","Macro Indicators","188","Saint Kitts and Nevis","6129","Annual growth US$","22014","Gross Domestic Product per capita","2017","2017","%","2.465346","Fc","Calculated data",""
"MK","Macro Indicators","189","Saint Lucia","6119","Value US$","22014","Gross Domestic Product per capita","2017","2017","","9606.965557","Fc","Calculated data",""
"MK","Macro Indicators","189","Saint Lucia","6129","Annual growth US$","22014","Gross Domestic Product per capita","2017","2017","%","4.555776","Fc","Calculated data",""
"MK","Macro Indicators","191","Saint Vincent and the Grenadines","6119","Value US$","22014","Gross Domestic Product per capita","2017","2017","","7098.780643","Fc","Calculated data",""
"MK","Macro Indicators","191","Saint Vincent and the Grenadines","6129","Annual growth US$","22014","Gross Domestic Product per capita","2017","2017","%","1.492558","Fc","Calculated data",""
"MK","Macro Indicators","244","Samoa","6119","Value US$","22014","Gross Domestic Product per capita","2017","2017","","4355.679937","Fc","Calculated data",""
"MK","Macro Indicators","244","Samoa","6129","Annual growth US$","22014","Gross Domestic Product per capita","2017","2017","%","3.384545","Fc","Calculated data",""
"MK","Macro Indicators","192","San Marino","6119","Value US$","22014","Gross Domestic Product per capita","2017","2017","","50587.629994","Fc","Calculated data",""
"MK","Macro Indicators","192","San Marino","6129","Annual growth US$","22014","Gross Domestic Product per capita","2017","2017","%","4.175772","Fc","Calculated data",""
"MK","Macro Indicators","193","Sao Tome and Principe","6119","Value US$","22014","Gross Domestic Product per capita","2017","2017","","1921.281086","Fc","Calculated data",""
"MK","Macro Indicators","193","Sao Tome and Principe","6129","Annual growth US$","22014","Gross Domestic Product per capita","2017","2017","%","8.425172","Fc","Calculated data",""
"MK","Macro Indicators","194","Saudi Arabia","6119","Value US$","22014","Gross Domestic Product per capita","2017","2017","","20760.906012","Fc","Calculated data",""
"MK","Macro Indicators","194","Saudi Arabia","6129","Annual growth US$","22014","Gross Domestic Product per capita","2017","2017","%","3.897605","Fc","Calculated data",""
"MK","Macro Indicators","195","Senegal","6119","Value US$","22014","Gross Domestic Product per capita","2017","2017","","1332.832364","Fc","Calculated data",""
"MK","Macro Indicators","195","Senegal","6129","Annual growth US$","22014","Gross Domestic Product per capita","2017","2017","%","8.272482","Fc","Calculated data",""
"MK","Macro Indicators","272","Serbia","6119","Value US$","22014","Gross Domestic Product per capita","2017","2017","","5912.07572","Fc","Calculated data",""
"MK","Macro Indicators","272","Serbia","6129","Annual growth US$","22014","Gross Domestic Product per capita","2017","2017","%","8.954238","Fc","Calculated data",""
"MK","Macro Indicators","196","Seychelles","6119","Value US$","22014","Gross Domestic Product per capita","2017","2017","","15692.735234","Fc","Calculated data",""
"MK","Macro Indicators","196","Seychelles","6129","Annual growth US$","22014","Gross Domestic Product per capita","2017","2017","%","3.580802","Fc","Calculated data",""
"MK","Macro Indicators","197","Sierra Leone","6119","Value US$","22014","Gross Domestic Product per capita","2017","2017","","494.835665","Fc","Calculated data",""
"MK","Macro Indicators","197","Sierra Leone","6129","Annual growth US$","22014","Gross Domestic Product per capita","2017","2017","%","-5.250775","Fc","Calculated data",""
"MK","Macro Indicators","200","Singapore","6119","Value US$","22014","Gross Domestic Product per capita","2017","2017","","56736.770257","Fc","Calculated data",""
"MK","Macro Indicators","200","Singapore","6129","Annual growth US$","22014","Gross Domestic Product per capita","2017","2017","%","2.985101","Fc","Calculated data",""
"MK","Macro Indicators","199","Slovakia","6119","Value US$","22014","Gross Domestic Product per capita","2017","2017","","17552.056324","Fc","Calculated data",""
"MK","Macro Indicators","199","Slovakia","6129","Annual growth US$","22014","Gross Domestic Product per capita","2017","2017","%","6.353885","Fc","Calculated data",""
"MK","Macro Indicators","198","Slovenia","6119","Value US$","22014","Gross Domestic Product per capita","2017","2017","","23296.406703","Fc","Calculated data",""
"MK","Macro Indicators","198","Slovenia","6129","Annual growth US$","22014","Gross Domestic Product per capita","2017","2017","%","8.435109","Fc","Calculated data",""
"MK","Macro Indicators","25","Solomon Islands","6119","Value US$","22014","Gross Domestic Product per capita","2017","2017","","1982.28432","Fc","Calculated data",""
"MK","Macro Indicators","25","Solomon Islands","6129","Annual growth US$","22014","Gross Domestic Product per capita","2017","2017","%","5.08297","Fc","Calculated data",""
"MK","Macro Indicators","201","Somalia","6119","Value US$","22014","Gross Domestic Product per capita","2017","2017","","104.139954","Fc","Calculated data",""
"MK","Macro Indicators","201","Somalia","6129","Annual growth US$","22014","Gross Domestic Product per capita","2017","2017","%","3.932937","Fc","Calculated data",""
"MK","Macro Indicators","202","South Africa","6119","Value US$","22014","Gross Domestic Product per capita","2017","2017","","6151.086799","Fc","Calculated data",""
"MK","Macro Indicators","202","South Africa","6129","Annual growth US$","22014","Gross Domestic Product per capita","2017","2017","%","16.503894","Fc","Calculated data",""
"MK","Macro Indicators","277","South Sudan","6119","Value US$","22014","Gross Domestic Product per capita","2017","2017","","452.770292","Fc","Calculated data",""
"MK","Macro Indicators","277","South Sudan","6129","Annual growth US$","22014","Gross Domestic Product per capita","2017","2017","%","-15.25363","Fc","Calculated data",""
"MK","Macro Indicators","203","Spain","6119","Value US$","22014","Gross Domestic Product per capita","2017","2017","","28353.64937","Fc","Calculated data",""
"MK","Macro Indicators","203","Spain","6129","Annual growth US$","22014","Gross Domestic Product per capita","2017","2017","%","6.191796","Fc","Calculated data",""
"MK","Macro Indicators","38","Sri Lanka","6119","Value US$","22014","Gross Domestic Product per capita","2017","2017","","4184.365324","Fc","Calculated data",""
"MK","Macro Indicators","38","Sri Lanka","6129","Annual growth US$","22014","Gross Domestic Product per capita","2017","2017","%","6.408133","Fc","Calculated data",""
"MK","Macro Indicators","276","Sudan","6119","Value US$","22014","Gross Domestic Product per capita","2017","2017","","2967.083433","Fc","Calculated data",""
"MK","Macro Indicators","276","Sudan","6129","Annual growth US$","22014","Gross Domestic Product per capita","2017","2017","%","28.061655","Fc","Calculated data",""
"MK","Macro Indicators","207","Suriname","6119","Value US$","22014","Gross Domestic Product per capita","2017","2017","","6757.426214","Fc","Calculated data",""
"MK","Macro Indicators","207","Suriname","6129","Annual growth US$","22014","Gross Domestic Product per capita","2017","2017","%","15.089029","Fc","Calculated data",""
"MK","Macro Indicators","210","Sweden","6119","Value US$","22014","Gross Domestic Product per capita","2017","2017","","54043.340174","Fc","Calculated data",""
"MK","Macro Indicators","210","Sweden","6129","Annual growth US$","22014","Gross Domestic Product per capita","2017","2017","%","3.796896","Fc","Calculated data",""
"MK","Macro Indicators","211","Switzerland","6119","Value US$","22014","Gross Domestic Product per capita","2017","2017","","80101.204101","Fc","Calculated data",""
"MK","Macro Indicators","211","Switzerland","6129","Annual growth US$","22014","Gross Domestic Product per capita","2017","2017","%","0.419043","Fc","Calculated data",""
"MK","Macro Indicators","212","Syrian Arab Republic","6119","Value US$","22014","Gross Domestic Product per capita","2017","2017","","831.060401","Fc","Calculated data",""
"MK","Macro Indicators","212","Syrian Arab Republic","6129","Annual growth US$","22014","Gross Domestic Product per capita","2017","2017","%","23.748695","Fc","Calculated data",""
"MK","Macro Indicators","208","Tajikistan","6119","Value US$","22014","Gross Domestic Product per capita","2017","2017","","800.963061","Fc","Calculated data",""
"MK","Macro Indicators","208","Tajikistan","6129","Annual growth US$","22014","Gross Domestic Product per capita","2017","2017","%","0.628141","Fc","Calculated data",""
"MK","Macro Indicators","216","Thailand","6119","Value US$","22014","Gross Domestic Product per capita","2017","2017","","6595.001976","Fc","Calculated data",""
"MK","Macro Indicators","216","Thailand","6129","Annual growth US$","22014","Gross Domestic Product per capita","2017","2017","%","10.297292","Fc","Calculated data",""
"MK","Macro Indicators","176","Timor-Leste","6119","Value US$","22014","Gross Domestic Product per capita","2017","2017","","2279.253204","Fc","Calculated data",""
"MK","Macro Indicators","176","Timor-Leste","6129","Annual growth US$","22014","Gross Domestic Product per capita","2017","2017","%","14.701056","Fc","Calculated data",""
"MK","Macro Indicators","217","Togo","6119","Value US$","22014","Gross Domestic Product per capita","2017","2017","","613.758639","Fc","Calculated data",""
"MK","Macro Indicators","217","Togo","6129","Annual growth US$","22014","Gross Domestic Product per capita","2017","2017","%","4.127898","Fc","Calculated data",""
"MK","Macro Indicators","219","Tonga","6119","Value US$","22014","Gross Domestic Product per capita","2017","2017","","3949.822802","Fc","Calculated data",""
"MK","Macro Indicators","219","Tonga","6129","Annual growth US$","22014","Gross Domestic Product per capita","2017","2017","%","5.393461","Fc","Calculated data",""
"MK","Macro Indicators","220","Trinidad and Tobago","6119","Value US$","22014","Gross Domestic Product per capita","2017","2017","","16145.250758","Fc","Calculated data",""
"MK","Macro Indicators","220","Trinidad and Tobago","6129","Annual growth US$","22014","Gross Domestic Product per capita","2017","2017","%","-1.194414","Fc","Calculated data",""
"MK","Macro Indicators","222","Tunisia","6119","Value US$","22014","Gross Domestic Product per capita","2017","2017","","3474.538392","Fc","Calculated data",""
"MK","Macro Indicators","222","Tunisia","6129","Annual growth US$","22014","Gross Domestic Product per capita","2017","2017","%","-5.230392","Fc","Calculated data",""
"MK","Macro Indicators","223","Turkey","6119","Value US$","22014","Gross Domestic Product per capita","2017","2017","","10546.057376","Fc","Calculated data",""
"MK","Macro Indicators","223","Turkey","6129","Annual growth US$","22014","Gross Domestic Product per capita","2017","2017","%","-2.914063","Fc","Calculated data",""
"MK","Macro Indicators","213","Turkmenistan","6119","Value US$","22014","Gross Domestic Product per capita","2017","2017","","6584.696357","Fc","Calculated data",""
"MK","Macro Indicators","213","Turkmenistan","6129","Annual growth US$","22014","Gross Domestic Product per capita","2017","2017","%","3.087426","Fc","Calculated data",""
"MK","Macro Indicators","224","Turks and Caicos Islands","6119","Value US$","22014","Gross Domestic Product per capita","2017","2017","","28689.132765","Fc","Calculated data",""
"MK","Macro Indicators","224","Turks and Caicos Islands","6129","Annual growth US$","22014","Gross Domestic Product per capita","2017","2017","%","5.355112","Fc","Calculated data",""
"MK","Macro Indicators","227","Tuvalu","6119","Value US$","22014","Gross Domestic Product per capita","2017","2017","","3923.561196","Fc","Calculated data",""
"MK","Macro Indicators","227","Tuvalu","6129","Annual growth US$","22014","Gross Domestic Product per capita","2017","2017","%","10.100403","Fc","Calculated data",""
"MK","Macro Indicators","226","Uganda","6119","Value US$","22014","Gross Domestic Product per capita","2017","2017","","646.217765","Fc","Calculated data",""
"MK","Macro Indicators","226","Uganda","6129","Annual growth US$","22014","Gross Domestic Product per capita","2017","2017","%","5.454682","Fc","Calculated data",""
"MK","Macro Indicators","230","Ukraine","6119","Value US$","22014","Gross Domestic Product per capita","2017","2017","","2536.107749","Fc","Calculated data",""
"MK","Macro Indicators","230","Ukraine","6129","Annual growth US$","22014","Gross Domestic Product per capita","2017","2017","%","20.722074","Fc","Calculated data",""
"MK","Macro Indicators","225","United Arab Emirates","6119","Value US$","22014","Gross Domestic Product per capita","2017","2017","","40698.844531","Fc","Calculated data",""
"MK","Macro Indicators","225","United Arab Emirates","6129","Annual growth US$","22014","Gross Domestic Product per capita","2017","2017","%","5.662405","Fc","Calculated data",""
"MK","Macro Indicators","229","United Kingdom","6119","Value US$","22014","Gross Domestic Product per capita","2017","2017","","39757.706166","Fc","Calculated data",""
"MK","Macro Indicators","229","United Kingdom","6129","Annual growth US$","22014","Gross Domestic Product per capita","2017","2017","%","-1.640926","Fc","Calculated data",""
"MK","Macro Indicators","215","United Republic of Tanzania","6119","Value US$","22014","Gross Domestic Product per capita","2017","2017","","933.195108","Fc","Calculated data",""
"MK","Macro Indicators","215","United Republic of Tanzania","6129","Annual growth US$","22014","Gross Domestic Product per capita","2017","2017","%","6.71668","Fc","Calculated data",""
"MK","Macro Indicators","231","United States of America","6119","Value US$","22014","Gross Domestic Product per capita","2017","2017","","60054.941286","Fc","Calculated data",""
"MK","Macro Indicators","231","United States of America","6129","Annual growth US$","22014","Gross Domestic Product per capita","2017","2017","%","3.428031","Fc","Calculated data",""
"MK","Macro Indicators","234","Uruguay","6119","Value US$","22014","Gross Domestic Product per capita","2017","2017","","17120.184264","Fc","Calculated data",""
"MK","Macro Indicators","234","Uruguay","6129","Annual growth US$","22014","Gross Domestic Product per capita","2017","2017","%","11.908718","Fc","Calculated data",""
"MK","Macro Indicators","235","Uzbekistan","6119","Value US$","22014","Gross Domestic Product per capita","2017","2017","","1556.759169","Fc","Calculated data",""
"MK","Macro Indicators","235","Uzbekistan","6129","Annual growth US$","22014","Gross Domestic Product per capita","2017","2017","%","-27.415472","Fc","Calculated data",""
"MK","Macro Indicators","155","Vanuatu","6119","Value US$","22014","Gross Domestic Product per capita","2017","2017","","3128.39373","Fc","Calculated data",""
"MK","Macro Indicators","155","Vanuatu","6129","Annual growth US$","22014","Gross Domestic Product per capita","2017","2017","%","5.171488","Fc","Calculated data",""
"MK","Macro Indicators","236","Venezuela (Bolivarian Republic of)","6119","Value US$","22014","Gross Domestic Product per capita","2017","2017","","7977.359154","Fc","Calculated data",""
"MK","Macro Indicators","236","Venezuela (Bolivarian Republic of)","6129","Annual growth US$","22014","Gross Domestic Product per capita","2017","2017","%","-13.572043","Fc","Calculated data",""
"MK","Macro Indicators","237","Viet Nam","6119","Value US$","22014","Gross Domestic Product per capita","2017","2017","","2342.244006","Fc","Calculated data",""
"MK","Macro Indicators","237","Viet Nam","6129","Annual growth US$","22014","Gross Domestic Product per capita","2017","2017","%","7.905287","Fc","Calculated data",""
"MK","Macro Indicators","249","Yemen","6119","Value US$","22014","Gross Domestic Product per capita","2017","2017","","989.605354","Fc","Calculated data",""
"MK","Macro Indicators","249","Yemen","6129","Annual growth US$","22014","Gross Domestic Product per capita","2017","2017","%","9.888682","Fc","Calculated data",""
"MK","Macro Indicators","251","Zambia","6119","Value US$","22014","Gross Domestic Product per capita","2017","2017","","1513.276223","Fc","Calculated data",""
"MK","Macro Indicators","251","Zambia","6129","Annual growth US$","22014","Gross Domestic Product per capita","2017","2017","%","19.822214","Fc","Calculated data",""
"MK","Macro Indicators","181","Zimbabwe","6119","Value US$","22014","Gross Domestic Product per capita","2017","2017","","1091.166245","Fc","Calculated data",""
"MK","Macro Indicators","181","Zimbabwe","6129","Annual growth US$","22014","Gross Domestic Product per capita","2017","2017","%","6.033525","Fc","Calculated data",""
